,Toby Gaskell,Val Samuel,Oli Roberts,Tom Dent,Tom Wilkinson,Chris Dowlin
Burnley,0,0,0,0,0,0
Manchester United,0,0,0,0,2,0
Crystal Palace,0,0,0,0,0,0
Southampton,0,0,0,2,0,0
Fulham,0,0,0,0,0,0
Arsenal,0,0,0,0,0,0
Liverpool,2,0,0,0,0,0
Leeds,0,0,0,0,0,0
Manchester City,0,0,2,0,0,0
Aston Villa,0,0,0,0,0,0
Tottenham,0,0,0,0,0,0
Everton,0,2,0,0,0,0
West Brom,0,0,0,0,0,0
Leicester,0,0,0,0,0,0
West Ham,0,0,0,0,0,0
Newcastle,0,0,0,0,0,0
Brighton,0,0,0,0,0,0
Chelsea,0,0,0,0,0,2
Sheffield Utd,0,0,0,0,0,0
Wolves,0,0,0,0,0,0
